lake_id,lake_name,year,area_km2,centroid_lat,centroid_lon,basin,district
L01,Tsho Rolpa,2000,1.6292,27.885,86.476,Rolwaling,Dolakha
L01,Tsho Rolpa,2001,1.6935,27.885,86.476,Rolwaling,Dolakha
L01,Tsho Rolpa,2002,1.7819,27.885,86.476,Rolwaling,Dolakha
L01,Tsho Rolpa,2003,1.7342,27.885,86.476,Rolwaling,Dolakha
L01,Tsho Rolpa,2004,1.7489,27.885,86.476,Rolwaling,Dolakha
L01,Tsho Rolpa,2005,1.7516,27.885,86.476,Rolwaling,Dolakha
L01,Tsho Rolpa,2006,1.7726,27.885,86.476,Rolwaling,Dolakha
L01,Tsho Rolpa,2007,1.8474,27.885,86.476,Rolwaling,Dolakha
L01,Tsho Rolpa,2008,1.8494,27.885,86.476,Rolwaling,Dolakha
L01,Tsho Rolpa,2009,1.8426,27.885,86.476,Rolwaling,Dolakha
L01,Tsho Rolpa,2010,1.8536,27.885,86.476,Rolwaling,Dolakha
L01,Tsho Rolpa,2011,1.9057,27.885,86.476,Rolwaling,Dolakha
L01,Tsho Rolpa,2012,1.9171,27.885,86.476,Rolwaling,Dolakha
L01,Tsho Rolpa,2013,1.9583,27.885,86.476,Rolwaling,Dolakha
L01,Tsho Rolpa,2014,1.9746,27.885,86.476,Rolwaling,Dolakha
L01,Tsho Rolpa,2015,2.0188,27.885,86.476,Rolwaling,Dolakha
L01,Tsho Rolpa,2016,1.9879,27.885,86.476,Rolwaling,Dolakha
L01,Tsho Rolpa,2017,2.0894,27.885,86.476,Rolwaling,Dolakha
L01,Tsho Rolpa,2018,2.1688,27.885,86.476,Rolwaling,Dolakha
L01,Tsho Rolpa,2019,2.1402,27.885,86.476,Rolwaling,Dolakha
L01,Tsho Rolpa,2020,2.1318,27.885,86.476,Rolwaling,Dolakha
L01,Tsho Rolpa,2021,2.1774,27.885,86.476,Rolwaling,Dolakha
L01,Tsho Rolpa,2022,2.1387,27.885,86.476,Rolwaling,Dolakha
L01,Tsho Rolpa,2023,2.1435,27.885,86.476,Rolwaling,Dolakha
L01,Tsho Rolpa,2024,2.245,27.885,86.476,Rolwaling,Dolakha
L02,Imja Tsho,2000,0.7716,27.896,86.93,Khumbu,Solukhumbu
L02,Imja Tsho,2001,0.8115,27.896,86.93,Khumbu,Solukhumbu
L02,Imja Tsho,2002,0.8713,27.896,86.93,Khumbu,Solukhumbu
L02,Imja Tsho,2003,0.92,27.896,86.93,Khumbu,Solukhumbu
L02,Imja Tsho,2004,0.9922,27.896,86.93,Khumbu,Solukhumbu
L02,Imja Tsho,2005,1.0518,27.896,86.93,Khumbu,Solukhumbu
L02,Imja Tsho,2006,1.1091,27.896,86.93,Khumbu,Solukhumbu
L02,Imja Tsho,2007,1.1617,27.896,86.93,Khumbu,Solukhumbu
L02,Imja Tsho,2008,1.2121,27.896,86.93,Khumbu,Solukhumbu
L02,Imja Tsho,2009,1.2496,27.896,86.93,Khumbu,Solukhumbu
L02,Imja Tsho,2010,1.2956,27.896,86.93,Khumbu,Solukhumbu
L02,Imja Tsho,2011,1.3344,27.896,86.93,Khumbu,Solukhumbu
L02,Imja Tsho,2012,1.4276,27.896,86.93,Khumbu,Solukhumbu
L02,Imja Tsho,2013,1.4602,27.896,86.93,Khumbu,Solukhumbu
L02,Imja Tsho,2014,1.5091,27.896,86.93,Khumbu,Solukhumbu
L02,Imja Tsho,2015,1.5864,27.896,86.93,Khumbu,Solukhumbu
L02,Imja Tsho,2016,1.6066,27.896,86.93,Khumbu,Solukhumbu
L02,Imja Tsho,2017,1.6861,27.896,86.93,Khumbu,Solukhumbu
L02,Imja Tsho,2018,1.7303,27.896,86.93,Khumbu,Solukhumbu
L02,Imja Tsho,2019,1.762,27.896,86.93,Khumbu,Solukhumbu
L02,Imja Tsho,2020,1.8295,27.896,86.93,Khumbu,Solukhumbu
L02,Imja Tsho,2021,1.8984,27.896,86.93,Khumbu,Solukhumbu
L02,Imja Tsho,2022,1.9482,27.896,86.93,Khumbu,Solukhumbu
L02,Imja Tsho,2023,2.0117,27.896,86.93,Khumbu,Solukhumbu
L02,Imja Tsho,2024,2.0461,27.896,86.93,Khumbu,Solukhumbu
L03,Lower Barun,2000,1.1742,27.812,87.097,Barun,Sankhuwasabha
L03,Lower Barun,2001,1.1214,27.812,87.097,Barun,Sankhuwasabha
L03,Lower Barun,2002,1.1744,27.812,87.097,Barun,Sankhuwasabha
L03,Lower Barun,2003,1.2235,27.812,87.097,Barun,Sankhuwasabha
L03,Lower Barun,2004,1.2352,27.812,87.097,Barun,Sankhuwasabha
L03,Lower Barun,2005,1.3309,27.812,87.097,Barun,Sankhuwasabha
L03,Lower Barun,2006,1.3695,27.812,87.097,Barun,Sankhuwasabha
L03,Lower Barun,2007,1.3916,27.812,87.097,Barun,Sankhuwasabha
L03,Lower Barun,2008,1.421,27.812,87.097,Barun,Sankhuwasabha
L03,Lower Barun,2009,1.4415,27.812,87.097,Barun,Sankhuwasabha
L03,Lower Barun,2010,1.4986,27.812,87.097,Barun,Sankhuwasabha
L03,Lower Barun,2011,1.574,27.812,87.097,Barun,Sankhuwasabha
L03,Lower Barun,2012,1.5945,27.812,87.097,Barun,Sankhuwasabha
L03,Lower Barun,2013,1.6314,27.812,87.097,Barun,Sankhuwasabha
L03,Lower Barun,2014,1.6934,27.812,87.097,Barun,Sankhuwasabha
L03,Lower Barun,2015,1.7495,27.812,87.097,Barun,Sankhuwasabha
L03,Lower Barun,2016,1.7713,27.812,87.097,Barun,Sankhuwasabha
L03,Lower Barun,2017,1.8141,27.812,87.097,Barun,Sankhuwasabha
L03,Lower Barun,2018,1.879,27.812,87.097,Barun,Sankhuwasabha
L03,Lower Barun,2019,1.8943,27.812,87.097,Barun,Sankhuwasabha
L03,Lower Barun,2020,1.9252,27.812,87.097,Barun,Sankhuwasabha
L03,Lower Barun,2021,1.9884,27.812,87.097,Barun,Sankhuwasabha
L03,Lower Barun,2022,2.0095,27.812,87.097,Barun,Sankhuwasabha
L03,Lower Barun,2023,2.0487,27.812,87.097,Barun,Sankhuwasabha
L03,Lower Barun,2024,2.1264,27.812,87.097,Barun,Sankhuwasabha
L04,Thulagi,2000,0.686,28.507,84.46,Marsyangdi,Manang
L04,Thulagi,2001,0.6883,28.507,84.46,Marsyangdi,Manang
L04,Thulagi,2002,0.7646,28.507,84.46,Marsyangdi,Manang
L04,Thulagi,2003,0.7893,28.507,84.46,Marsyangdi,Manang
L04,Thulagi,2004,0.8257,28.507,84.46,Marsyangdi,Manang
L04,Thulagi,2005,0.8709,28.507,84.46,Marsyangdi,Manang
L04,Thulagi,2006,0.8973,28.507,84.46,Marsyangdi,Manang
L04,Thulagi,2007,0.9375,28.507,84.46,Marsyangdi,Manang
L04,Thulagi,2008,0.9416,28.507,84.46,Marsyangdi,Manang
L04,Thulagi,2009,0.9914,28.507,84.46,Marsyangdi,Manang
L04,Thulagi,2010,1.0587,28.507,84.46,Marsyangdi,Manang
L04,Thulagi,2011,1.074,28.507,84.46,Marsyangdi,Manang
L04,Thulagi,2012,1.0861,28.507,84.46,Marsyangdi,Manang
L04,Thulagi,2013,1.1293,28.507,84.46,Marsyangdi,Manang
L04,Thulagi,2014,1.1654,28.507,84.46,Marsyangdi,Manang
L04,Thulagi,2015,1.2154,28.507,84.46,Marsyangdi,Manang
L04,Thulagi,2016,1.243,28.507,84.46,Marsyangdi,Manang
L04,Thulagi,2017,1.2748,28.507,84.46,Marsyangdi,Manang
L04,Thulagi,2018,1.3188,28.507,84.46,Marsyangdi,Manang
L04,Thulagi,2019,1.3603,28.507,84.46,Marsyangdi,Manang
L04,Thulagi,2020,1.3851,28.507,84.46,Marsyangdi,Manang
L04,Thulagi,2021,1.4157,28.507,84.46,Marsyangdi,Manang
L04,Thulagi,2022,1.4527,28.507,84.46,Marsyangdi,Manang
L04,Thulagi,2023,1.4981,28.507,84.46,Marsyangdi,Manang
L04,Thulagi,2024,1.5283,28.507,84.46,Marsyangdi,Manang
L05,Dig Tsho,2000,0.3249,27.817,86.571,Khumbu,Solukhumbu
L05,Dig Tsho,2001,0.3254,27.817,86.571,Khumbu,Solukhumbu
L05,Dig Tsho,2002,0.3406,27.817,86.571,Khumbu,Solukhumbu
L05,Dig Tsho,2003,0.3634,27.817,86.571,Khumbu,Solukhumbu
L05,Dig Tsho,2004,0.3661,27.817,86.571,Khumbu,Solukhumbu
L05,Dig Tsho,2005,0.3929,27.817,86.571,Khumbu,Solukhumbu
L05,Dig Tsho,2006,0.4058,27.817,86.571,Khumbu,Solukhumbu
L05,Dig Tsho,2007,0.4185,27.817,86.571,Khumbu,Solukhumbu
L05,Dig Tsho,2008,0.4168,27.817,86.571,Khumbu,Solukhumbu
L05,Dig Tsho,2009,0.4357,27.817,86.571,Khumbu,Solukhumbu
L05,Dig Tsho,2010,0.4449,27.817,86.571,Khumbu,Solukhumbu
L05,Dig Tsho,2011,0.4667,27.817,86.571,Khumbu,Solukhumbu
L05,Dig Tsho,2012,0.4845,27.817,86.571,Khumbu,Solukhumbu
L05,Dig Tsho,2013,0.492,27.817,86.571,Khumbu,Solukhumbu
L05,Dig Tsho,2014,0.4993,27.817,86.571,Khumbu,Solukhumbu
L05,Dig Tsho,2015,0.5097,27.817,86.571,Khumbu,Solukhumbu
L05,Dig Tsho,2016,0.529,27.817,86.571,Khumbu,Solukhumbu
L05,Dig Tsho,2017,0.5298,27.817,86.571,Khumbu,Solukhumbu
L05,Dig Tsho,2018,0.5538,27.817,86.571,Khumbu,Solukhumbu
L05,Dig Tsho,2019,0.5574,27.817,86.571,Khumbu,Solukhumbu
L05,Dig Tsho,2020,0.58,27.817,86.571,Khumbu,Solukhumbu
L05,Dig Tsho,2021,0.5878,27.817,86.571,Khumbu,Solukhumbu
L05,Dig Tsho,2022,0.5991,27.817,86.571,Khumbu,Solukhumbu
L05,Dig Tsho,2023,0.6088,27.817,86.571,Khumbu,Solukhumbu
L05,Dig Tsho,2024,0.6249,27.817,86.571,Khumbu,Solukhumbu
L06,Sabai Tsho,2000,0.455,27.799,86.679,Khumbu,Solukhumbu
L06,Sabai Tsho,2001,0.4722,27.799,86.679,Khumbu,Solukhumbu
L06,Sabai Tsho,2002,0.4803,27.799,86.679,Khumbu,Solukhumbu
L06,Sabai Tsho,2003,0.5007,27.799,86.679,Khumbu,Solukhumbu
L06,Sabai Tsho,2004,0.5241,27.799,86.679,Khumbu,Solukhumbu
L06,Sabai Tsho,2005,0.5111,27.799,86.679,Khumbu,Solukhumbu
L06,Sabai Tsho,2006,0.5249,27.799,86.679,Khumbu,Solukhumbu
L06,Sabai Tsho,2007,0.5266,27.799,86.679,Khumbu,Solukhumbu
L06,Sabai Tsho,2008,0.5631,27.799,86.679,Khumbu,Solukhumbu
L06,Sabai Tsho,2009,0.5769,27.799,86.679,Khumbu,Solukhumbu
L06,Sabai Tsho,2010,0.5702,27.799,86.679,Khumbu,Solukhumbu
L06,Sabai Tsho,2011,0.5964,27.799,86.679,Khumbu,Solukhumbu
L06,Sabai Tsho,2012,0.6146,27.799,86.679,Khumbu,Solukhumbu
L06,Sabai Tsho,2013,0.6184,27.799,86.679,Khumbu,Solukhumbu
L06,Sabai Tsho,2014,0.6368,27.799,86.679,Khumbu,Solukhumbu
L06,Sabai Tsho,2015,0.6436,27.799,86.679,Khumbu,Solukhumbu
L06,Sabai Tsho,2016,0.6438,27.799,86.679,Khumbu,Solukhumbu
L06,Sabai Tsho,2017,0.677,27.799,86.679,Khumbu,Solukhumbu
L06,Sabai Tsho,2018,0.6923,27.799,86.679,Khumbu,Solukhumbu
L06,Sabai Tsho,2019,0.6998,27.799,86.679,Khumbu,Solukhumbu
L06,Sabai Tsho,2020,0.6974,27.799,86.679,Khumbu,Solukhumbu
L06,Sabai Tsho,2021,0.712,27.799,86.679,Khumbu,Solukhumbu
L06,Sabai Tsho,2022,0.7214,27.799,86.679,Khumbu,Solukhumbu
L06,Sabai Tsho,2023,0.7513,27.799,86.679,Khumbu,Solukhumbu
L06,Sabai Tsho,2024,0.7686,27.799,86.679,Khumbu,Solukhumbu
L07,Lumding Tsho,2000,0.5547,27.843,86.508,Rolwaling,Dolakha
L07,Lumding Tsho,2001,0.5683,27.843,86.508,Rolwaling,Dolakha
L07,Lumding Tsho,2002,0.5563,27.843,86.508,Rolwaling,Dolakha
L07,Lumding Tsho,2003,0.5753,27.843,86.508,Rolwaling,Dolakha
L07,Lumding Tsho,2004,0.5665,27.843,86.508,Rolwaling,Dolakha
L07,Lumding Tsho,2005,0.581,27.843,86.508,Rolwaling,Dolakha
L07,Lumding Tsho,2006,0.6071,27.843,86.508,Rolwaling,Dolakha
L07,Lumding Tsho,2007,0.6027,27.843,86.508,Rolwaling,Dolakha
L07,Lumding Tsho,2008,0.6265,27.843,86.508,Rolwaling,Dolakha
L07,Lumding Tsho,2009,0.6271,27.843,86.508,Rolwaling,Dolakha
L07,Lumding Tsho,2010,0.6591,27.843,86.508,Rolwaling,Dolakha
L07,Lumding Tsho,2011,0.638,27.843,86.508,Rolwaling,Dolakha
L07,Lumding Tsho,2012,0.6294,27.843,86.508,Rolwaling,Dolakha
L07,Lumding Tsho,2013,0.6524,27.843,86.508,Rolwaling,Dolakha
L07,Lumding Tsho,2014,0.6501,27.843,86.508,Rolwaling,Dolakha
L07,Lumding Tsho,2015,0.6793,27.843,86.508,Rolwaling,Dolakha
L07,Lumding Tsho,2016,0.6769,27.843,86.508,Rolwaling,Dolakha
L07,Lumding Tsho,2017,0.6829,27.843,86.508,Rolwaling,Dolakha
L07,Lumding Tsho,2018,0.6909,27.843,86.508,Rolwaling,Dolakha
L07,Lumding Tsho,2019,0.7083,27.843,86.508,Rolwaling,Dolakha
L07,Lumding Tsho,2020,0.7031,27.843,86.508,Rolwaling,Dolakha
L07,Lumding Tsho,2021,0.7245,27.843,86.508,Rolwaling,Dolakha
L07,Lumding Tsho,2022,0.7354,27.843,86.508,Rolwaling,Dolakha
L07,Lumding Tsho,2023,0.728,27.843,86.508,Rolwaling,Dolakha
L07,Lumding Tsho,2024,0.7295,27.843,86.508,Rolwaling,Dolakha
L08,Hongu 2,2000,0.4058,27.873,86.918,Khumbu,Solukhumbu
L08,Hongu 2,2001,0.4641,27.873,86.918,Khumbu,Solukhumbu
L08,Hongu 2,2002,0.5074,27.873,86.918,Khumbu,Solukhumbu
L08,Hongu 2,2003,0.5601,27.873,86.918,Khumbu,Solukhumbu
L08,Hongu 2,2004,0.6177,27.873,86.918,Khumbu,Solukhumbu
L08,Hongu 2,2005,0.6534,27.873,86.918,Khumbu,Solukhumbu
L08,Hongu 2,2006,0.6932,27.873,86.918,Khumbu,Solukhumbu
L08,Hongu 2,2007,0.7568,27.873,86.918,Khumbu,Solukhumbu
L08,Hongu 2,2008,0.7969,27.873,86.918,Khumbu,Solukhumbu
L08,Hongu 2,2009,0.8519,27.873,86.918,Khumbu,Solukhumbu
L08,Hongu 2,2010,0.9018,27.873,86.918,Khumbu,Solukhumbu
L08,Hongu 2,2011,0.9335,27.873,86.918,Khumbu,Solukhumbu
L08,Hongu 2,2012,1.001,27.873,86.918,Khumbu,Solukhumbu
L08,Hongu 2,2013,1.0454,27.873,86.918,Khumbu,Solukhumbu
L08,Hongu 2,2014,1.0814,27.873,86.918,Khumbu,Solukhumbu
L08,Hongu 2,2015,1.1371,27.873,86.918,Khumbu,Solukhumbu
L08,Hongu 2,2016,1.1851,27.873,86.918,Khumbu,Solukhumbu
L08,Hongu 2,2017,1.2314,27.873,86.918,Khumbu,Solukhumbu
L08,Hongu 2,2018,1.2867,27.873,86.918,Khumbu,Solukhumbu
L08,Hongu 2,2019,1.3397,27.873,86.918,Khumbu,Solukhumbu
L08,Hongu 2,2020,1.3762,27.873,86.918,Khumbu,Solukhumbu
L08,Hongu 2,2021,1.4354,27.873,86.918,Khumbu,Solukhumbu
L08,Hongu 2,2022,1.4809,27.873,86.918,Khumbu,Solukhumbu
L08,Hongu 2,2023,1.523,27.873,86.918,Khumbu,Solukhumbu
L08,Hongu 2,2024,1.5709,27.873,86.918,Khumbu,Solukhumbu
L09,Chamlang South,2000,0.2833,27.775,86.978,Barun,Sankhuwasabha
L09,Chamlang South,2001,0.3164,27.775,86.978,Barun,Sankhuwasabha
L09,Chamlang South,2002,0.3611,27.775,86.978,Barun,Sankhuwasabha
L09,Chamlang South,2003,0.3902,27.775,86.978,Barun,Sankhuwasabha
L09,Chamlang South,2004,0.43,27.775,86.978,Barun,Sankhuwasabha
L09,Chamlang South,2005,0.4622,27.775,86.978,Barun,Sankhuwasabha
L09,Chamlang South,2006,0.49,27.775,86.978,Barun,Sankhuwasabha
L09,Chamlang South,2007,0.5375,27.775,86.978,Barun,Sankhuwasabha
L09,Chamlang South,2008,0.568,27.775,86.978,Barun,Sankhuwasabha
L09,Chamlang South,2009,0.606,27.775,86.978,Barun,Sankhuwasabha
L09,Chamlang South,2010,0.6354,27.775,86.978,Barun,Sankhuwasabha
L09,Chamlang South,2011,0.6737,27.775,86.978,Barun,Sankhuwasabha
L09,Chamlang South,2012,0.7197,27.775,86.978,Barun,Sankhuwasabha
L09,Chamlang South,2013,0.7465,27.775,86.978,Barun,Sankhuwasabha
L09,Chamlang South,2014,0.784,27.775,86.978,Barun,Sankhuwasabha
L09,Chamlang South,2015,0.8085,27.775,86.978,Barun,Sankhuwasabha
L09,Chamlang South,2016,0.8647,27.775,86.978,Barun,Sankhuwasabha
L09,Chamlang South,2017,0.8966,27.775,86.978,Barun,Sankhuwasabha
L09,Chamlang South,2018,0.9289,27.775,86.978,Barun,Sankhuwasabha
L09,Chamlang South,2019,0.9609,27.775,86.978,Barun,Sankhuwasabha
L09,Chamlang South,2020,0.9912,27.775,86.978,Barun,Sankhuwasabha
L09,Chamlang South,2021,1.0287,27.775,86.978,Barun,Sankhuwasabha
L09,Chamlang South,2022,1.0673,27.775,86.978,Barun,Sankhuwasabha
L09,Chamlang South,2023,1.0926,27.775,86.978,Barun,Sankhuwasabha
L09,Chamlang South,2024,1.1288,27.775,86.978,Barun,Sankhuwasabha
L10,Chamlang North,2000,0.2417,27.795,86.98,Barun,Sankhuwasabha
L10,Chamlang North,2001,0.2865,27.795,86.98,Barun,Sankhuwasabha
L10,Chamlang North,2002,0.3391,27.795,86.98,Barun,Sankhuwasabha
L10,Chamlang North,2003,0.3695,27.795,86.98,Barun,Sankhuwasabha
L10,Chamlang North,2004,0.41,27.795,86.98,Barun,Sankhuwasabha
L10,Chamlang North,2005,0.4536,27.795,86.98,Barun,Sankhuwasabha
L10,Chamlang North,2006,0.4844,27.795,86.98,Barun,Sankhuwasabha
L10,Chamlang North,2007,0.5376,27.795,86.98,Barun,Sankhuwasabha
L10,Chamlang North,2008,0.5796,27.795,86.98,Barun,Sankhuwasabha
L10,Chamlang North,2009,0.6155,27.795,86.98,Barun,Sankhuwasabha
L10,Chamlang North,2010,0.6623,27.795,86.98,Barun,Sankhuwasabha
L10,Chamlang North,2011,0.6878,27.795,86.98,Barun,Sankhuwasabha
L10,Chamlang North,2012,0.7441,27.795,86.98,Barun,Sankhuwasabha
L10,Chamlang North,2013,0.7716,27.795,86.98,Barun,Sankhuwasabha
L10,Chamlang North,2014,0.8093,27.795,86.98,Barun,Sankhuwasabha
L10,Chamlang North,2015,0.8549,27.795,86.98,Barun,Sankhuwasabha
L10,Chamlang North,2016,0.9058,27.795,86.98,Barun,Sankhuwasabha
L10,Chamlang North,2017,0.9368,27.795,86.98,Barun,Sankhuwasabha
L10,Chamlang North,2018,0.9726,27.795,86.98,Barun,Sankhuwasabha
L10,Chamlang North,2019,1.0112,27.795,86.98,Barun,Sankhuwasabha
L10,Chamlang North,2020,1.0575,27.795,86.98,Barun,Sankhuwasabha
L10,Chamlang North,2021,1.0885,27.795,86.98,Barun,Sankhuwasabha
L10,Chamlang North,2022,1.1324,27.795,86.98,Barun,Sankhuwasabha
L10,Chamlang North,2023,1.187,27.795,86.98,Barun,Sankhuwasabha
L10,Chamlang North,2024,1.2263,27.795,86.98,Barun,Sankhuwasabha
L11,Ngozumpa Tsho,2000,0.9176,27.982,86.695,Khumbu,Solukhumbu
L11,Ngozumpa Tsho,2001,0.9175,27.982,86.695,Khumbu,Solukhumbu
L11,Ngozumpa Tsho,2002,0.9331,27.982,86.695,Khumbu,Solukhumbu
L11,Ngozumpa Tsho,2003,0.9813,27.982,86.695,Khumbu,Solukhumbu
L11,Ngozumpa Tsho,2004,0.9516,27.982,86.695,Khumbu,Solukhumbu
L11,Ngozumpa Tsho,2005,0.9669,27.982,86.695,Khumbu,Solukhumbu
L11,Ngozumpa Tsho,2006,0.9525,27.982,86.695,Khumbu,Solukhumbu
L11,Ngozumpa Tsho,2007,0.9633,27.982,86.695,Khumbu,Solukhumbu
L11,Ngozumpa Tsho,2008,0.9801,27.982,86.695,Khumbu,Solukhumbu
L11,Ngozumpa Tsho,2009,0.9766,27.982,86.695,Khumbu,Solukhumbu
L11,Ngozumpa Tsho,2010,0.9454,27.982,86.695,Khumbu,Solukhumbu
L11,Ngozumpa Tsho,2011,1.0099,27.982,86.695,Khumbu,Solukhumbu
L11,Ngozumpa Tsho,2012,0.981,27.982,86.695,Khumbu,Solukhumbu
L11,Ngozumpa Tsho,2013,1.0372,27.982,86.695,Khumbu,Solukhumbu
L11,Ngozumpa Tsho,2014,1.017,27.982,86.695,Khumbu,Solukhumbu
L11,Ngozumpa Tsho,2015,1.0117,27.982,86.695,Khumbu,Solukhumbu
L11,Ngozumpa Tsho,2016,1.0246,27.982,86.695,Khumbu,Solukhumbu
L11,Ngozumpa Tsho,2017,1.0205,27.982,86.695,Khumbu,Solukhumbu
L11,Ngozumpa Tsho,2018,1.0196,27.982,86.695,Khumbu,Solukhumbu
L11,Ngozumpa Tsho,2019,1.0384,27.982,86.695,Khumbu,Solukhumbu
L11,Ngozumpa Tsho,2020,1.0569,27.982,86.695,Khumbu,Solukhumbu
L11,Ngozumpa Tsho,2021,1.0381,27.982,86.695,Khumbu,Solukhumbu
L11,Ngozumpa Tsho,2022,1.0412,27.982,86.695,Khumbu,Solukhumbu
L11,Ngozumpa Tsho,2023,1.0521,27.982,86.695,Khumbu,Solukhumbu
L11,Ngozumpa Tsho,2024,1.0822,27.982,86.695,Khumbu,Solukhumbu
L12,Spillway Lake,2000,0.1852,27.898,86.935,Khumbu,Solukhumbu
L12,Spillway Lake,2001,0.2348,27.898,86.935,Khumbu,Solukhumbu
L12,Spillway Lake,2002,0.2891,27.898,86.935,Khumbu,Solukhumbu
L12,Spillway Lake,2003,0.3382,27.898,86.935,Khumbu,Solukhumbu
L12,Spillway Lake,2004,0.3971,27.898,86.935,Khumbu,Solukhumbu
L12,Spillway Lake,2005,0.4495,27.898,86.935,Khumbu,Solukhumbu
L12,Spillway Lake,2006,0.4984,27.898,86.935,Khumbu,Solukhumbu
L12,Spillway Lake,2007,0.548,27.898,86.935,Khumbu,Solukhumbu
L12,Spillway Lake,2008,0.6036,27.898,86.935,Khumbu,Solukhumbu
L12,Spillway Lake,2009,0.6591,27.898,86.935,Khumbu,Solukhumbu
L12,Spillway Lake,2010,0.7191,27.898,86.935,Khumbu,Solukhumbu
L12,Spillway Lake,2011,0.774,27.898,86.935,Khumbu,Solukhumbu
L12,Spillway Lake,2012,0.8204,27.898,86.935,Khumbu,Solukhumbu
L12,Spillway Lake,2013,0.874,27.898,86.935,Khumbu,Solukhumbu
L12,Spillway Lake,2014,0.9299,27.898,86.935,Khumbu,Solukhumbu
L12,Spillway Lake,2015,0.9825,27.898,86.935,Khumbu,Solukhumbu
L12,Spillway Lake,2016,1.0393,27.898,86.935,Khumbu,Solukhumbu
L12,Spillway Lake,2017,1.0875,27.898,86.935,Khumbu,Solukhumbu
L12,Spillway Lake,2018,1.1463,27.898,86.935,Khumbu,Solukhumbu
L12,Spillway Lake,2019,1.1956,27.898,86.935,Khumbu,Solukhumbu
L12,Spillway Lake,2020,1.253,27.898,86.935,Khumbu,Solukhumbu
L12,Spillway Lake,2021,1.3024,27.898,86.935,Khumbu,Solukhumbu
L12,Spillway Lake,2022,1.3547,27.898,86.935,Khumbu,Solukhumbu
L12,Spillway Lake,2023,1.4173,27.898,86.935,Khumbu,Solukhumbu
L12,Spillway Lake,2024,1.4677,27.898,86.935,Khumbu,Solukhumbu
L13,Langtang Lake 1,2000,0.3471,28.214,85.574,Langtang,Rasuwa
L13,Langtang Lake 1,2001,0.4034,28.214,85.574,Langtang,Rasuwa
L13,Langtang Lake 1,2002,0.4619,28.214,85.574,Langtang,Rasuwa
L13,Langtang Lake 1,2003,0.4913,28.214,85.574,Langtang,Rasuwa
L13,Langtang Lake 1,2004,0.552,28.214,85.574,Langtang,Rasuwa
L13,Langtang Lake 1,2005,0.5979,28.214,85.574,Langtang,Rasuwa
L13,Langtang Lake 1,2006,0.6347,28.214,85.574,Langtang,Rasuwa
L13,Langtang Lake 1,2007,0.6863,28.214,85.574,Langtang,Rasuwa
L13,Langtang Lake 1,2008,0.7179,28.214,85.574,Langtang,Rasuwa
L13,Langtang Lake 1,2009,0.7923,28.214,85.574,Langtang,Rasuwa
L13,Langtang Lake 1,2010,0.824,28.214,85.574,Langtang,Rasuwa
L13,Langtang Lake 1,2011,0.8786,28.214,85.574,Langtang,Rasuwa
L13,Langtang Lake 1,2012,0.9239,28.214,85.574,Langtang,Rasuwa
L13,Langtang Lake 1,2013,0.9759,28.214,85.574,Langtang,Rasuwa
L13,Langtang Lake 1,2014,1.0096,28.214,85.574,Langtang,Rasuwa
L13,Langtang Lake 1,2015,1.0608,28.214,85.574,Langtang,Rasuwa
L13,Langtang Lake 1,2016,1.11,28.214,85.574,Langtang,Rasuwa
L13,Langtang Lake 1,2017,1.1589,28.214,85.574,Langtang,Rasuwa
L13,Langtang Lake 1,2018,1.2075,28.214,85.574,Langtang,Rasuwa
L13,Langtang Lake 1,2019,1.2424,28.214,85.574,Langtang,Rasuwa
L13,Langtang Lake 1,2020,1.2877,28.214,85.574,Langtang,Rasuwa
L13,Langtang Lake 1,2021,1.3489,28.214,85.574,Langtang,Rasuwa
L13,Langtang Lake 1,2022,1.371,28.214,85.574,Langtang,Rasuwa
L13,Langtang Lake 1,2023,1.4436,28.214,85.574,Langtang,Rasuwa
L13,Langtang Lake 1,2024,1.4768,28.214,85.574,Langtang,Rasuwa
L14,Langtang Lake 2,2000,0.28,28.228,85.612,Langtang,Rasuwa
L14,Langtang Lake 2,2001,0.2918,28.228,85.612,Langtang,Rasuwa
L14,Langtang Lake 2,2002,0.311,28.228,85.612,Langtang,Rasuwa
L14,Langtang Lake 2,2003,0.334,28.228,85.612,Langtang,Rasuwa
L14,Langtang Lake 2,2004,0.3468,28.228,85.612,Langtang,Rasuwa
L14,Langtang Lake 2,2005,0.3608,28.228,85.612,Langtang,Rasuwa
L14,Langtang Lake 2,2006,0.3742,28.228,85.612,Langtang,Rasuwa
L14,Langtang Lake 2,2007,0.3812,28.228,85.612,Langtang,Rasuwa
L14,Langtang Lake 2,2008,0.4002,28.228,85.612,Langtang,Rasuwa
L14,Langtang Lake 2,2009,0.4186,28.228,85.612,Langtang,Rasuwa
L14,Langtang Lake 2,2010,0.4387,28.228,85.612,Langtang,Rasuwa
L14,Langtang Lake 2,2011,0.4522,28.228,85.612,Langtang,Rasuwa
L14,Langtang Lake 2,2012,0.4729,28.228,85.612,Langtang,Rasuwa
L14,Langtang Lake 2,2013,0.4857,28.228,85.612,Langtang,Rasuwa
L14,Langtang Lake 2,2014,0.4989,28.228,85.612,Langtang,Rasuwa
L14,Langtang Lake 2,2015,0.527,28.228,85.612,Langtang,Rasuwa
L14,Langtang Lake 2,2016,0.5321,28.228,85.612,Langtang,Rasuwa
L14,Langtang Lake 2,2017,0.5431,28.228,85.612,Langtang,Rasuwa
L14,Langtang Lake 2,2018,0.5715,28.228,85.612,Langtang,Rasuwa
L14,Langtang Lake 2,2019,0.5834,28.228,85.612,Langtang,Rasuwa
L14,Langtang Lake 2,2020,0.6025,28.228,85.612,Langtang,Rasuwa
L14,Langtang Lake 2,2021,0.6073,28.228,85.612,Langtang,Rasuwa
L14,Langtang Lake 2,2022,0.629,28.228,85.612,Langtang,Rasuwa
L14,Langtang Lake 2,2023,0.6311,28.228,85.612,Langtang,Rasuwa
L14,Langtang Lake 2,2024,0.6592,28.228,85.612,Langtang,Rasuwa
L15,Gosainkunda,2000,0.4785,28.075,85.416,Langtang,Rasuwa
L15,Gosainkunda,2001,0.4811,28.075,85.416,Langtang,Rasuwa
L15,Gosainkunda,2002,0.5181,28.075,85.416,Langtang,Rasuwa
L15,Gosainkunda,2003,0.5049,28.075,85.416,Langtang,Rasuwa
L15,Gosainkunda,2004,0.518,28.075,85.416,Langtang,Rasuwa
L15,Gosainkunda,2005,0.5539,28.075,85.416,Langtang,Rasuwa
L15,Gosainkunda,2006,0.57,28.075,85.416,Langtang,Rasuwa
L15,Gosainkunda,2007,0.588,28.075,85.416,Langtang,Rasuwa
L15,Gosainkunda,2008,0.5999,28.075,85.416,Langtang,Rasuwa
L15,Gosainkunda,2009,0.621,28.075,85.416,Langtang,Rasuwa
L15,Gosainkunda,2010,0.6276,28.075,85.416,Langtang,Rasuwa
L15,Gosainkunda,2011,0.6337,28.075,85.416,Langtang,Rasuwa
L15,Gosainkunda,2012,0.6484,28.075,85.416,Langtang,Rasuwa
L15,Gosainkunda,2013,0.6605,28.075,85.416,Langtang,Rasuwa
L15,Gosainkunda,2014,0.6801,28.075,85.416,Langtang,Rasuwa
L15,Gosainkunda,2015,0.6808,28.075,85.416,Langtang,Rasuwa
L15,Gosainkunda,2016,0.7087,28.075,85.416,Langtang,Rasuwa
L15,Gosainkunda,2017,0.7187,28.075,85.416,Langtang,Rasuwa
L15,Gosainkunda,2018,0.7363,28.075,85.416,Langtang,Rasuwa
L15,Gosainkunda,2019,0.7504,28.075,85.416,Langtang,Rasuwa
L15,Gosainkunda,2020,0.7383,28.075,85.416,Langtang,Rasuwa
L15,Gosainkunda,2021,0.7673,28.075,85.416,Langtang,Rasuwa
L15,Gosainkunda,2022,0.789,28.075,85.416,Langtang,Rasuwa
L15,Gosainkunda,2023,0.8036,28.075,85.416,Langtang,Rasuwa
L15,Gosainkunda,2024,0.8207,28.075,85.416,Langtang,Rasuwa
L16,Tilicho Lake,2000,1.3079,28.686,83.847,Gandaki,Manang
L16,Tilicho Lake,2001,1.3536,28.686,83.847,Gandaki,Manang
L16,Tilicho Lake,2002,1.3365,28.686,83.847,Gandaki,Manang
L16,Tilicho Lake,2003,1.3344,28.686,83.847,Gandaki,Manang
L16,Tilicho Lake,2004,1.3151,28.686,83.847,Gandaki,Manang
L16,Tilicho Lake,2005,1.3353,28.686,83.847,Gandaki,Manang
L16,Tilicho Lake,2006,1.3989,28.686,83.847,Gandaki,Manang
L16,Tilicho Lake,2007,1.4268,28.686,83.847,Gandaki,Manang
L16,Tilicho Lake,2008,1.4534,28.686,83.847,Gandaki,Manang
L16,Tilicho Lake,2009,1.406,28.686,83.847,Gandaki,Manang
L16,Tilicho Lake,2010,1.4338,28.686,83.847,Gandaki,Manang
L16,Tilicho Lake,2011,1.4622,28.686,83.847,Gandaki,Manang
L16,Tilicho Lake,2012,1.5233,28.686,83.847,Gandaki,Manang
L16,Tilicho Lake,2013,1.4872,28.686,83.847,Gandaki,Manang
L16,Tilicho Lake,2014,1.5387,28.686,83.847,Gandaki,Manang
L16,Tilicho Lake,2015,1.517,28.686,83.847,Gandaki,Manang
L16,Tilicho Lake,2016,1.5567,28.686,83.847,Gandaki,Manang
L16,Tilicho Lake,2017,1.5676,28.686,83.847,Gandaki,Manang
L16,Tilicho Lake,2018,1.5594,28.686,83.847,Gandaki,Manang
L16,Tilicho Lake,2019,1.5427,28.686,83.847,Gandaki,Manang
L16,Tilicho Lake,2020,1.5764,28.686,83.847,Gandaki,Manang
L16,Tilicho Lake,2021,1.6363,28.686,83.847,Gandaki,Manang
L16,Tilicho Lake,2022,1.6346,28.686,83.847,Gandaki,Manang
L16,Tilicho Lake,2023,1.6146,28.686,83.847,Gandaki,Manang
L16,Tilicho Lake,2024,1.6312,28.686,83.847,Gandaki,Manang
L17,Annapurna Lake 1,2000,0.2124,28.53,83.96,Annapurna,Manang
L17,Annapurna Lake 1,2001,0.2466,28.53,83.96,Annapurna,Manang
L17,Annapurna Lake 1,2002,0.2643,28.53,83.96,Annapurna,Manang
L17,Annapurna Lake 1,2003,0.28,28.53,83.96,Annapurna,Manang
L17,Annapurna Lake 1,2004,0.3017,28.53,83.96,Annapurna,Manang
L17,Annapurna Lake 1,2005,0.3115,28.53,83.96,Annapurna,Manang
L17,Annapurna Lake 1,2006,0.3391,28.53,83.96,Annapurna,Manang
L17,Annapurna Lake 1,2007,0.3674,28.53,83.96,Annapurna,Manang
L17,Annapurna Lake 1,2008,0.386,28.53,83.96,Annapurna,Manang
L17,Annapurna Lake 1,2009,0.4034,28.53,83.96,Annapurna,Manang
L17,Annapurna Lake 1,2010,0.4221,28.53,83.96,Annapurna,Manang
L17,Annapurna Lake 1,2011,0.4458,28.53,83.96,Annapurna,Manang
L17,Annapurna Lake 1,2012,0.4613,28.53,83.96,Annapurna,Manang
L17,Annapurna Lake 1,2013,0.4754,28.53,83.96,Annapurna,Manang
L17,Annapurna Lake 1,2014,0.5029,28.53,83.96,Annapurna,Manang
L17,Annapurna Lake 1,2015,0.525,28.53,83.96,Annapurna,Manang
L17,Annapurna Lake 1,2016,0.5483,28.53,83.96,Annapurna,Manang
L17,Annapurna Lake 1,2017,0.5573,28.53,83.96,Annapurna,Manang
L17,Annapurna Lake 1,2018,0.5833,28.53,83.96,Annapurna,Manang
L17,Annapurna Lake 1,2019,0.6037,28.53,83.96,Annapurna,Manang
L17,Annapurna Lake 1,2020,0.6194,28.53,83.96,Annapurna,Manang
L17,Annapurna Lake 1,2021,0.6466,28.53,83.96,Annapurna,Manang
L17,Annapurna Lake 1,2022,0.668,28.53,83.96,Annapurna,Manang
L17,Annapurna Lake 1,2023,0.6836,28.53,83.96,Annapurna,Manang
L17,Annapurna Lake 1,2024,0.7141,28.53,83.96,Annapurna,Manang
L18,Annapurna Lake 2,2000,0.1888,28.547,83.98,Annapurna,Manang
L18,Annapurna Lake 2,2001,0.2195,28.547,83.98,Annapurna,Manang
L18,Annapurna Lake 2,2002,0.2507,28.547,83.98,Annapurna,Manang
L18,Annapurna Lake 2,2003,0.2806,28.547,83.98,Annapurna,Manang
L18,Annapurna Lake 2,2004,0.3128,28.547,83.98,Annapurna,Manang
L18,Annapurna Lake 2,2005,0.3407,28.547,83.98,Annapurna,Manang
L18,Annapurna Lake 2,2006,0.3767,28.547,83.98,Annapurna,Manang
L18,Annapurna Lake 2,2007,0.4089,28.547,83.98,Annapurna,Manang
L18,Annapurna Lake 2,2008,0.4312,28.547,83.98,Annapurna,Manang
L18,Annapurna Lake 2,2009,0.4708,28.547,83.98,Annapurna,Manang
L18,Annapurna Lake 2,2010,0.5025,28.547,83.98,Annapurna,Manang
L18,Annapurna Lake 2,2011,0.5356,28.547,83.98,Annapurna,Manang
L18,Annapurna Lake 2,2012,0.5694,28.547,83.98,Annapurna,Manang
L18,Annapurna Lake 2,2013,0.5993,28.547,83.98,Annapurna,Manang
L18,Annapurna Lake 2,2014,0.625,28.547,83.98,Annapurna,Manang
L18,Annapurna Lake 2,2015,0.6558,28.547,83.98,Annapurna,Manang
L18,Annapurna Lake 2,2016,0.692,28.547,83.98,Annapurna,Manang
L18,Annapurna Lake 2,2017,0.719,28.547,83.98,Annapurna,Manang
L18,Annapurna Lake 2,2018,0.7476,28.547,83.98,Annapurna,Manang
L18,Annapurna Lake 2,2019,0.7925,28.547,83.98,Annapurna,Manang
L18,Annapurna Lake 2,2020,0.8136,28.547,83.98,Annapurna,Manang
L18,Annapurna Lake 2,2021,0.8436,28.547,83.98,Annapurna,Manang
L18,Annapurna Lake 2,2022,0.8689,28.547,83.98,Annapurna,Manang
L18,Annapurna Lake 2,2023,0.9117,28.547,83.98,Annapurna,Manang
L18,Annapurna Lake 2,2024,0.936,28.547,83.98,Annapurna,Manang
L19,Kanchenjunga Lake 1,2000,0.3502,27.702,87.926,Kanchenjunga,Taplejung
L19,Kanchenjunga Lake 1,2001,0.3834,27.702,87.926,Kanchenjunga,Taplejung
L19,Kanchenjunga Lake 1,2002,0.3964,27.702,87.926,Kanchenjunga,Taplejung
L19,Kanchenjunga Lake 1,2003,0.4303,27.702,87.926,Kanchenjunga,Taplejung
L19,Kanchenjunga Lake 1,2004,0.4671,27.702,87.926,Kanchenjunga,Taplejung
L19,Kanchenjunga Lake 1,2005,0.4658,27.702,87.926,Kanchenjunga,Taplejung
L19,Kanchenjunga Lake 1,2006,0.5039,27.702,87.926,Kanchenjunga,Taplejung
L19,Kanchenjunga Lake 1,2007,0.5298,27.702,87.926,Kanchenjunga,Taplejung
L19,Kanchenjunga Lake 1,2008,0.5615,27.702,87.926,Kanchenjunga,Taplejung
L19,Kanchenjunga Lake 1,2009,0.589,27.702,87.926,Kanchenjunga,Taplejung
L19,Kanchenjunga Lake 1,2010,0.6085,27.702,87.926,Kanchenjunga,Taplejung
L19,Kanchenjunga Lake 1,2011,0.638,27.702,87.926,Kanchenjunga,Taplejung
L19,Kanchenjunga Lake 1,2012,0.6638,27.702,87.926,Kanchenjunga,Taplejung
L19,Kanchenjunga Lake 1,2013,0.6933,27.702,87.926,Kanchenjunga,Taplejung
L19,Kanchenjunga Lake 1,2014,0.7239,27.702,87.926,Kanchenjunga,Taplejung
L19,Kanchenjunga Lake 1,2015,0.7553,27.702,87.926,Kanchenjunga,Taplejung
L19,Kanchenjunga Lake 1,2016,0.7829,27.702,87.926,Kanchenjunga,Taplejung
L19,Kanchenjunga Lake 1,2017,0.8067,27.702,87.926,Kanchenjunga,Taplejung
L19,Kanchenjunga Lake 1,2018,0.8226,27.702,87.926,Kanchenjunga,Taplejung
L19,Kanchenjunga Lake 1,2019,0.8553,27.702,87.926,Kanchenjunga,Taplejung
L19,Kanchenjunga Lake 1,2020,0.8986,27.702,87.926,Kanchenjunga,Taplejung
L19,Kanchenjunga Lake 1,2021,0.9156,27.702,87.926,Kanchenjunga,Taplejung
L19,Kanchenjunga Lake 1,2022,0.9321,27.702,87.926,Kanchenjunga,Taplejung
L19,Kanchenjunga Lake 1,2023,0.9728,27.702,87.926,Kanchenjunga,Taplejung
L19,Kanchenjunga Lake 1,2024,0.9856,27.702,87.926,Kanchenjunga,Taplejung
L20,Kanchenjunga Lake 2,2000,0.2664,27.718,87.94,Kanchenjunga,Taplejung
L20,Kanchenjunga Lake 2,2001,0.2971,27.718,87.94,Kanchenjunga,Taplejung
L20,Kanchenjunga Lake 2,2002,0.3021,27.718,87.94,Kanchenjunga,Taplejung
L20,Kanchenjunga Lake 2,2003,0.3183,27.718,87.94,Kanchenjunga,Taplejung
L20,Kanchenjunga Lake 2,2004,0.3533,27.718,87.94,Kanchenjunga,Taplejung
L20,Kanchenjunga Lake 2,2005,0.368,27.718,87.94,Kanchenjunga,Taplejung
L20,Kanchenjunga Lake 2,2006,0.3881,27.718,87.94,Kanchenjunga,Taplejung
L20,Kanchenjunga Lake 2,2007,0.405,27.718,87.94,Kanchenjunga,Taplejung
L20,Kanchenjunga Lake 2,2008,0.4252,27.718,87.94,Kanchenjunga,Taplejung
L20,Kanchenjunga Lake 2,2009,0.4436,27.718,87.94,Kanchenjunga,Taplejung
L20,Kanchenjunga Lake 2,2010,0.4622,27.718,87.94,Kanchenjunga,Taplejung
L20,Kanchenjunga Lake 2,2011,0.4831,27.718,87.94,Kanchenjunga,Taplejung
L20,Kanchenjunga Lake 2,2012,0.5025,27.718,87.94,Kanchenjunga,Taplejung
L20,Kanchenjunga Lake 2,2013,0.5198,27.718,87.94,Kanchenjunga,Taplejung
L20,Kanchenjunga Lake 2,2014,0.5409,27.718,87.94,Kanchenjunga,Taplejung
L20,Kanchenjunga Lake 2,2015,0.5499,27.718,87.94,Kanchenjunga,Taplejung
L20,Kanchenjunga Lake 2,2016,0.5867,27.718,87.94,Kanchenjunga,Taplejung
L20,Kanchenjunga Lake 2,2017,0.6047,27.718,87.94,Kanchenjunga,Taplejung
L20,Kanchenjunga Lake 2,2018,0.6216,27.718,87.94,Kanchenjunga,Taplejung
L20,Kanchenjunga Lake 2,2019,0.6429,27.718,87.94,Kanchenjunga,Taplejung
L20,Kanchenjunga Lake 2,2020,0.6627,27.718,87.94,Kanchenjunga,Taplejung
L20,Kanchenjunga Lake 2,2021,0.6769,27.718,87.94,Kanchenjunga,Taplejung
L20,Kanchenjunga Lake 2,2022,0.6975,27.718,87.94,Kanchenjunga,Taplejung
L20,Kanchenjunga Lake 2,2023,0.7228,27.718,87.94,Kanchenjunga,Taplejung
L20,Kanchenjunga Lake 2,2024,0.7406,27.718,87.94,Kanchenjunga,Taplejung
L21,Dolpo Lake 1,2000,0.6349,29.115,82.802,Dolpo,Dolpa
L21,Dolpo Lake 1,2001,0.6654,29.115,82.802,Dolpo,Dolpa
L21,Dolpo Lake 1,2002,0.6926,29.115,82.802,Dolpo,Dolpa
L21,Dolpo Lake 1,2003,0.7075,29.115,82.802,Dolpo,Dolpa
L21,Dolpo Lake 1,2004,0.7455,29.115,82.802,Dolpo,Dolpa
L21,Dolpo Lake 1,2005,0.7757,29.115,82.802,Dolpo,Dolpa
L21,Dolpo Lake 1,2006,0.827,29.115,82.802,Dolpo,Dolpa
L21,Dolpo Lake 1,2007,0.8257,29.115,82.802,Dolpo,Dolpa
L21,Dolpo Lake 1,2008,0.8891,29.115,82.802,Dolpo,Dolpa
L21,Dolpo Lake 1,2009,0.9266,29.115,82.802,Dolpo,Dolpa
L21,Dolpo Lake 1,2010,0.9473,29.115,82.802,Dolpo,Dolpa
L21,Dolpo Lake 1,2011,1.0113,29.115,82.802,Dolpo,Dolpa
L21,Dolpo Lake 1,2012,1.0232,29.115,82.802,Dolpo,Dolpa
L21,Dolpo Lake 1,2013,1.076,29.115,82.802,Dolpo,Dolpa
L21,Dolpo Lake 1,2014,1.1423,29.115,82.802,Dolpo,Dolpa
L21,Dolpo Lake 1,2015,1.1242,29.115,82.802,Dolpo,Dolpa
L21,Dolpo Lake 1,2016,1.1777,29.115,82.802,Dolpo,Dolpa
L21,Dolpo Lake 1,2017,1.2101,29.115,82.802,Dolpo,Dolpa
L21,Dolpo Lake 1,2018,1.2433,29.115,82.802,Dolpo,Dolpa
L21,Dolpo Lake 1,2019,1.2955,29.115,82.802,Dolpo,Dolpa
L21,Dolpo Lake 1,2020,1.3354,29.115,82.802,Dolpo,Dolpa
L21,Dolpo Lake 1,2021,1.3669,29.115,82.802,Dolpo,Dolpa
L21,Dolpo Lake 1,2022,1.3842,29.115,82.802,Dolpo,Dolpa
L21,Dolpo Lake 1,2023,1.4583,29.115,82.802,Dolpo,Dolpa
L21,Dolpo Lake 1,2024,1.4426,29.115,82.802,Dolpo,Dolpa
L22,Dolpo Lake 2,2000,0.4113,29.138,82.83,Dolpo,Dolpa
L22,Dolpo Lake 2,2001,0.4334,29.138,82.83,Dolpo,Dolpa
L22,Dolpo Lake 2,2002,0.4447,29.138,82.83,Dolpo,Dolpa
L22,Dolpo Lake 2,2003,0.46,29.138,82.83,Dolpo,Dolpa
L22,Dolpo Lake 2,2004,0.4812,29.138,82.83,Dolpo,Dolpa
L22,Dolpo Lake 2,2005,0.4789,29.138,82.83,Dolpo,Dolpa
L22,Dolpo Lake 2,2006,0.4928,29.138,82.83,Dolpo,Dolpa
L22,Dolpo Lake 2,2007,0.4988,29.138,82.83,Dolpo,Dolpa
L22,Dolpo Lake 2,2008,0.5207,29.138,82.83,Dolpo,Dolpa
L22,Dolpo Lake 2,2009,0.5251,29.138,82.83,Dolpo,Dolpa
L22,Dolpo Lake 2,2010,0.5371,29.138,82.83,Dolpo,Dolpa
L22,Dolpo Lake 2,2011,0.5563,29.138,82.83,Dolpo,Dolpa
L22,Dolpo Lake 2,2012,0.5724,29.138,82.83,Dolpo,Dolpa
L22,Dolpo Lake 2,2013,0.5571,29.138,82.83,Dolpo,Dolpa
L22,Dolpo Lake 2,2014,0.5907,29.138,82.83,Dolpo,Dolpa
L22,Dolpo Lake 2,2015,0.5974,29.138,82.83,Dolpo,Dolpa
L22,Dolpo Lake 2,2016,0.6196,29.138,82.83,Dolpo,Dolpa
L22,Dolpo Lake 2,2017,0.6215,29.138,82.83,Dolpo,Dolpa
L22,Dolpo Lake 2,2018,0.6465,29.138,82.83,Dolpo,Dolpa
L22,Dolpo Lake 2,2019,0.6418,29.138,82.83,Dolpo,Dolpa
L22,Dolpo Lake 2,2020,0.6408,29.138,82.83,Dolpo,Dolpa
L22,Dolpo Lake 2,2021,0.6803,29.138,82.83,Dolpo,Dolpa
L22,Dolpo Lake 2,2022,0.6764,29.138,82.83,Dolpo,Dolpa
L22,Dolpo Lake 2,2023,0.6821,29.138,82.83,Dolpo,Dolpa
L22,Dolpo Lake 2,2024,0.7075,29.138,82.83,Dolpo,Dolpa
L23,Mera Lake,2000,0.1592,27.69,86.869,Hinku,Solukhumbu
L23,Mera Lake,2001,0.1822,27.69,86.869,Hinku,Solukhumbu
L23,Mera Lake,2002,0.2021,27.69,86.869,Hinku,Solukhumbu
L23,Mera Lake,2003,0.2191,27.69,86.869,Hinku,Solukhumbu
L23,Mera Lake,2004,0.2356,27.69,86.869,Hinku,Solukhumbu
L23,Mera Lake,2005,0.259,27.69,86.869,Hinku,Solukhumbu
L23,Mera Lake,2006,0.2782,27.69,86.869,Hinku,Solukhumbu
L23,Mera Lake,2007,0.2991,27.69,86.869,Hinku,Solukhumbu
L23,Mera Lake,2008,0.3141,27.69,86.869,Hinku,Solukhumbu
L23,Mera Lake,2009,0.3352,27.69,86.869,Hinku,Solukhumbu
L23,Mera Lake,2010,0.3577,27.69,86.869,Hinku,Solukhumbu
L23,Mera Lake,2011,0.3797,27.69,86.869,Hinku,Solukhumbu
L23,Mera Lake,2012,0.3984,27.69,86.869,Hinku,Solukhumbu
L23,Mera Lake,2013,0.4152,27.69,86.869,Hinku,Solukhumbu
L23,Mera Lake,2014,0.4329,27.69,86.869,Hinku,Solukhumbu
L23,Mera Lake,2015,0.4554,27.69,86.869,Hinku,Solukhumbu
L23,Mera Lake,2016,0.4702,27.69,86.869,Hinku,Solukhumbu
L23,Mera Lake,2017,0.4907,27.69,86.869,Hinku,Solukhumbu
L23,Mera Lake,2018,0.5178,27.69,86.869,Hinku,Solukhumbu
L23,Mera Lake,2019,0.5338,27.69,86.869,Hinku,Solukhumbu
L23,Mera Lake,2020,0.551,27.69,86.869,Hinku,Solukhumbu
L23,Mera Lake,2021,0.5744,27.69,86.869,Hinku,Solukhumbu
L23,Mera Lake,2022,0.5955,27.69,86.869,Hinku,Solukhumbu
L23,Mera Lake,2023,0.6095,27.69,86.869,Hinku,Solukhumbu
L23,Mera Lake,2024,0.6292,27.69,86.869,Hinku,Solukhumbu
L24,Ama Dablam Lake,2000,0.1385,27.858,86.863,Khumbu,Solukhumbu
L24,Ama Dablam Lake,2001,0.166,27.858,86.863,Khumbu,Solukhumbu
L24,Ama Dablam Lake,2002,0.1894,27.858,86.863,Khumbu,Solukhumbu
L24,Ama Dablam Lake,2003,0.2138,27.858,86.863,Khumbu,Solukhumbu
L24,Ama Dablam Lake,2004,0.2361,27.858,86.863,Khumbu,Solukhumbu
L24,Ama Dablam Lake,2005,0.252,27.858,86.863,Khumbu,Solukhumbu
L24,Ama Dablam Lake,2006,0.2807,27.858,86.863,Khumbu,Solukhumbu
L24,Ama Dablam Lake,2007,0.3003,27.858,86.863,Khumbu,Solukhumbu
L24,Ama Dablam Lake,2008,0.3251,27.858,86.863,Khumbu,Solukhumbu
L24,Ama Dablam Lake,2009,0.3503,27.858,86.863,Khumbu,Solukhumbu
L24,Ama Dablam Lake,2010,0.3755,27.858,86.863,Khumbu,Solukhumbu
L24,Ama Dablam Lake,2011,0.394,27.858,86.863,Khumbu,Solukhumbu
L24,Ama Dablam Lake,2012,0.4133,27.858,86.863,Khumbu,Solukhumbu
L24,Ama Dablam Lake,2013,0.4436,27.858,86.863,Khumbu,Solukhumbu
L24,Ama Dablam Lake,2014,0.4739,27.858,86.863,Khumbu,Solukhumbu
L24,Ama Dablam Lake,2015,0.4892,27.858,86.863,Khumbu,Solukhumbu
L24,Ama Dablam Lake,2016,0.5132,27.858,86.863,Khumbu,Solukhumbu
L24,Ama Dablam Lake,2017,0.5414,27.858,86.863,Khumbu,Solukhumbu
L24,Ama Dablam Lake,2018,0.5614,27.858,86.863,Khumbu,Solukhumbu
L24,Ama Dablam Lake,2019,0.5837,27.858,86.863,Khumbu,Solukhumbu
L24,Ama Dablam Lake,2020,0.6076,27.858,86.863,Khumbu,Solukhumbu
L24,Ama Dablam Lake,2021,0.6304,27.858,86.863,Khumbu,Solukhumbu
L24,Ama Dablam Lake,2022,0.6498,27.858,86.863,Khumbu,Solukhumbu
L24,Ama Dablam Lake,2023,0.6726,27.858,86.863,Khumbu,Solukhumbu
L24,Ama Dablam Lake,2024,0.7049,27.858,86.863,Khumbu,Solukhumbu
L25,Phoksundo Lake,2000,4.918,29.108,82.944,Dolpo,Dolpa
L25,Phoksundo Lake,2001,4.9376,29.108,82.944,Dolpo,Dolpa
L25,Phoksundo Lake,2002,4.9468,29.108,82.944,Dolpo,Dolpa
L25,Phoksundo Lake,2003,5.06,29.108,82.944,Dolpo,Dolpa
L25,Phoksundo Lake,2004,5.26,29.108,82.944,Dolpo,Dolpa
L25,Phoksundo Lake,2005,5.0904,29.108,82.944,Dolpo,Dolpa
L25,Phoksundo Lake,2006,5.0092,29.108,82.944,Dolpo,Dolpa
L25,Phoksundo Lake,2007,5.0816,29.108,82.944,Dolpo,Dolpa
L25,Phoksundo Lake,2008,5.2274,29.108,82.944,Dolpo,Dolpa
L25,Phoksundo Lake,2009,5.0931,29.108,82.944,Dolpo,Dolpa
L25,Phoksundo Lake,2010,5.2616,29.108,82.944,Dolpo,Dolpa
L25,Phoksundo Lake,2011,4.9784,29.108,82.944,Dolpo,Dolpa
L25,Phoksundo Lake,2012,5.2111,29.108,82.944,Dolpo,Dolpa
L25,Phoksundo Lake,2013,5.323,29.108,82.944,Dolpo,Dolpa
L25,Phoksundo Lake,2014,5.4137,29.108,82.944,Dolpo,Dolpa
L25,Phoksundo Lake,2015,5.2368,29.108,82.944,Dolpo,Dolpa
L25,Phoksundo Lake,2016,5.1976,29.108,82.944,Dolpo,Dolpa
L25,Phoksundo Lake,2017,5.3471,29.108,82.944,Dolpo,Dolpa
L25,Phoksundo Lake,2018,5.2902,29.108,82.944,Dolpo,Dolpa
L25,Phoksundo Lake,2019,5.4137,29.108,82.944,Dolpo,Dolpa
L25,Phoksundo Lake,2020,5.4554,29.108,82.944,Dolpo,Dolpa
L25,Phoksundo Lake,2021,5.3546,29.108,82.944,Dolpo,Dolpa
L25,Phoksundo Lake,2022,5.5905,29.108,82.944,Dolpo,Dolpa
L25,Phoksundo Lake,2023,5.5241,29.108,82.944,Dolpo,Dolpa
L25,Phoksundo Lake,2024,5.6732,29.108,82.944,Dolpo,Dolpa
